{
  "best_val_macro_f1": 0.6702822445666842,
  "best_val_acc": 0.8525692762980899,
  "test_macro_f1": 0.6805652660974681,
  "test_acc": 0.8509951586874663
}