{
  "train_loss": 0.2691014173393425,
  "test_accuracy": 0.9128563743948359,
  "test_macro_f1": 0.7504924669578972
}